eigenvector_rank,bit_index,bit_loading,fragment_smiles,motif,n_bit1,n_bit0,x_motif_bit1,x_motif_bit0,p_motif_bit1,p_motif_bit0,log2_enrichment,z,p_two_sided
2,935,0.10633271952367454,,heteroaromatic_ring,567,2433,316,350,0.5573192239866714,0.1438553226472898,1.953885316339467,21.334048056727873,0.0
2,1257,-0.058260500708221474,,hydroxyl,219,2781,189,855,0.8630136986307625,0.3074433656960419,1.489062784193203,16.61833660290735,0.0
2,935,0.10633271952367454,,amide,567,2433,228,326,0.4021164021174566,0.13399095766578956,1.585477539929815,14.81760904576901,0.0
2,935,0.10633271952367454,,aromatic_ring,567,2433,515,1429,0.9082892416227367,0.5873407316072391,0.628954100970805,14.410481284335079,0.0
2,1567,0.11571015834321444,,heteroaromatic_ring,44,2956,42,624,0.9545454545464876,0.21109607577834535,2.176914139425103,11.778854114468231,0.0
2,591,-0.04562764499823917,,aromatic_ring,279,2721,92,1852,0.3297491039450547,0.6806321205440351,-1.0455064977724706,-11.687167235486545,0.0
2,1154,-0.05627324526532914,,hydroxyl,82,2918,78,966,0.9512195121957169,0.3310486634683581,1.5227350033261857,11.627513998627263,0.0
2,5,0.12419711191547111,,amide,48,2952,39,515,0.8125000000039062,0.17445799458022546,2.219488102135531,11.300706230659193,0.0
2,1274,-0.05804172023720735,,nitro,289,2711,48,79,0.16608996540080936,0.029140538547019867,2.5108654678884204,10.991699659300862,0.0
2,233,0.12454097180161615,,amide,47,2953,33,521,0.7021276595808058,0.1764307483917452,1.992631346547004,9.21496301228384,0.0
2,679,-0.06490241720362314,,hydroxyl,97,2903,75,969,0.773195876290998,0.3337926283157651,1.211881849523705,8.93714081202671,0.0
2,1436,-0.08286886674135992,,aromatic_ring,62,2938,8,1936,0.129032258078564,0.6589516678013414,-2.3524408669483763,-8.64593777260567,0.0
2,1257,-0.058260500708221474,,aromatic_ring,219,2781,85,1859,0.3881278538840725,0.6684645810860596,-0.7843191490261382,-8.363404240505666,0.0
2,529,-0.0764683645032135,,aromatic_ring,54,2946,6,1938,0.11111111112757202,0.6578411405296477,-2.5657361416080664,-8.336172972862675,0.0
2,998,0.1480207223756818,,amide,24,2976,20,534,0.8333333333402778,0.17943548387124347,2.2154284735964893,8.22260659052295,2.220446049250313e-16
2,552,0.1205537125900897,,heteroaromatic_ring,32,2968,26,640,0.8125000000058594,0.21563342318085726,1.9137869998831691,8.080854449911584,6.661338147750939e-16
2,519,-0.09252313944323509,,hydroxyl,107,2893,76,968,0.7102803738344834,0.3346007604565038,1.0859478977019517,8.011423439621186,1.1102230246251565e-15
2,519,-0.09252313944323509,,aromatic_ring,107,2893,32,1912,0.2990654205672984,0.6609056342897819,-1.1439831864209509,-7.695971928099766,1.3988810110276972e-14
2,679,-0.06490241720362314,,ester,97,2903,48,533,0.49484536082995,0.1836031691356584,1.4303867924144875,7.630666567618425,2.3314683517128287e-14
2,84,-0.07824481965200898,,aromatic_ring,80,2920,20,1924,0.250000000009375,0.6589041095891579,-1.3981404299488172,-7.555068955671902,4.1744385725905886e-14
2,1162,-0.05228469646256894,,carbonyl,198,2802,152,1388,0.767676767677941,0.4953604568167397,0.6320202812182137,7.409077790212728,1.2723155862204294e-13
2,1441,0.10748088194344159,,amide,50,2950,29,525,0.5800000000084,0.17796610169519392,1.7044504319545637,7.265009756251242,3.730349362740526e-13
2,1436,-0.08286886674135992,,ester,62,2938,34,547,0.5483870967814776,0.18618107556188354,1.5584881886442037,7.142200422614333,9.183764859699295e-13
2,698,0.1428178331866204,,amide,20,2980,16,538,0.80000000001,0.18053691275195283,2.1477061579213736,7.115674625595076,1.113775738303957e-12
2,479,-0.04617772363743965,,aromatic_ring,62,2938,14,1930,0.22580645162539023,0.6569094622193135,-1.5406078398489098,-7.033691793129228,2.0112800314109336e-12
2,1264,0.12874233922402287,,heteroaromatic_ring,27,2973,21,645,0.7777777777860082,0.2169525731586892,1.8419783182258347,6.9803941691463605,2.943423282886215e-12
2,1162,-0.05228469646256894,,hydroxyl,198,2802,114,930,0.5757575757597184,0.33190578158482087,0.794687728524889,6.961752328129466,3.360645095540349e-12
2,1997,-0.06333468071006793,,ester,40,2960,25,556,0.6250000000093751,0.18783783783811223,1.7343684826997001,6.949811789433168,3.657740776930041e-12
2,182,-0.06753512428504062,,sulfonamide,51,2949,11,97,0.21568627452518263,0.03289250593454293,2.7131035416288927,6.947578559028469,3.716138508025324e-12
2,84,-0.07824481965200898,,hydroxyl,80,2920,57,987,0.7125000000035937,0.3380136986303637,1.0758082985946704,6.937425110483662,3.993250174971763e-12
2,679,-0.06490241720362314,,aromatic_ring,97,2903,31,1913,0.3195876288729939,0.6589734757148953,-1.044008833488295,-6.884678276350484,5.791811474864517e-12
2,1274,-0.05804172023720735,,carbonyl,289,2711,203,1337,0.7024221453297494,0.49317594983419655,0.5102358824304245,6.765425089077742,1.3291812095417299e-11
2,622,-0.06629202201477538,,ester,80,2920,39,542,0.4875000000064062,0.1856164383564433,1.3930777364051847,6.741095990949785,1.571964780566759e-11
2,622,-0.06629202201477538,,hydroxyl,80,2920,56,988,0.70000000000375,0.33835616438378824,1.0488122493597063,6.699516156077499,2.0911050668814823e-11
2,1279,0.10403532139758194,,amide,70,2930,34,520,0.48571428572163255,0.17747440273065615,1.4524969606060687,6.568242520765341,5.091260746326043e-11
2,84,-0.07824481965200898,,carbonyl,80,2920,70,1470,0.8750000000015625,0.5034246575344167,0.7975071361033457,6.560049931593515,5.3789861453878984e-11
2,519,-0.09252313944323509,,ester,107,2893,47,534,0.4392523364538387,0.18458347735942462,1.2507765415335454,6.5463101188812844,5.897593524650802e-11
2,1154,-0.05627324526532914,,carbonyl,82,2918,71,1469,0.8658536585382213,0.5034270047979769,0.7823406022504475,6.4758016525781175,9.430989322822825e-11
2,1922,0.11048912609551471,,amide,51,2949,27,527,0.5294117647151096,0.1787046456428692,1.566813115639392,6.399478358998763,1.5590861934811073e-10
2,1436,-0.08286886674135992,,hydroxyl,62,2938,45,999,0.7258064516173257,0.340027229407985,1.0939345987144986,6.310830654438225,2.7754176734617886e-10
2,1274,-0.05804172023720735,,ester,289,2711,96,485,0.33217993079815855,0.1789007746222136,0.8928052789912928,6.268323590736756,3.649556212792504e-10
2,679,-0.06490241720362314,,carbonyl,97,2903,80,1460,0.8247422680430438,0.502928005511711,0.7135914555621861,6.237901487422418,4.4347991945414833e-10
2,639,-0.05482536635993734,,ester,25,2975,17,564,0.6800000000128,0.1895798319330455,1.842729252184573,6.17925956041634,6.440292743548071e-10
2,1508,0.10802155855926374,,heteroaromatic_ring,60,2940,33,633,0.5500000000074999,0.2153061224492465,1.3530422740632049,6.175471835045681,6.596616586307391e-10
2,84,-0.07824481965200898,,ester,80,2920,37,544,0.4625000000067187,0.18630136986329235,1.3118150832774276,6.1675484023834395,6.935687579812111e-10
2,591,-0.04562764499823917,,ester,279,2721,92,489,0.3297491039450547,0.17971334068387368,0.8756712305333607,6.039705900673968,1.5439538536554664e-09
2,479,-0.04617772363743965,,carbonyl,62,2938,55,1485,0.8870967741953694,0.5054458815522446,0.811534868008417,5.949930077571975,2.6825706100908064e-09
2,1436,-0.08286886674135992,,carbonyl,62,2938,55,1485,0.8870967741953694,0.5054458815522446,0.811534868008417,5.949930077571975,2.6825706100908064e-09
2,5,0.12419711191547111,,carbonyl,48,2952,45,1495,0.9375000000013021,0.5064363143633108,0.8884378325849747,5.927124806051282,3.0828468666754816e-09
2,1162,-0.05228469646256894,,aromatic_ring,198,2802,90,1854,0.4545454545482094,0.6616702355461593,-0.5416878119361673,-5.8976536030494975,3.6870697606161684e-09
2,859,0.11919241537476143,,amide,30,2970,18,536,0.6000000000133333,0.1804713804716564,1.7331924310940037,5.892206565401893,3.810723958608264e-09
2,935,0.10633271952367454,,halogen,567,2433,191,534,0.3368606701951731,0.21948212083879182,0.6180485763472953,5.879660437395442,4.111089690894687e-09
2,855,0.11580600269451893,,heteroaromatic_ring,28,2972,19,647,0.6785714285829082,0.217698519515741,1.6401690899547323,5.840602975848474,5.201222341710832e-09
2,1274,-0.05804172023720735,,heteroaromatic_ring,289,2711,25,641,0.08650519031457957,0.23644411656243583,-1.450640641455986,-5.830437758772232,5.528215663019864e-09
2,529,-0.0764683645032135,,ester,54,2946,27,554,0.5000000000092593,0.18805159538384655,1.410799549011263,5.7484485282133635,9.006605461436834e-09
2,1477,-0.04494623862696293,,aromatic_ring,45,2955,11,1933,0.2444444444612346,0.6541455160745672,-1.4201049847398823,-5.711269282952303,1.1213664663500822e-08
2,622,-0.06629202201477538,,aromatic_ring,80,2920,28,1916,0.350000000008125,0.6561643835617615,-0.9067023647653268,-5.656810424096048,1.5421193433340363e-08
2,1210,0.11740053207505896,,heteroaromatic_ring,29,2971,19,647,0.655172413804994,0.21777179400901456,1.5890575061833592,5.640307814668481,1.697464346861466e-08
2,408,-0.05922679312654191,,hydroxyl,44,2956,33,1011,0.7500000000056818,0.34201623815989785,1.132825772974283,5.639588080772114,1.7045744149513098e-08
2,1257,-0.058260500708221474,,ester,219,2781,74,507,0.3378995433820188,0.18230852211464138,0.8902123983817044,5.609985131989827,2.023439993337206e-08
2,639,-0.05482536635993734,,aromatic_ring,25,2975,3,1941,0.1200000000352,0.6524369747900328,-2.4428041382616317,-5.5508850582562035,2.8422692643914615e-08
2,552,0.1205537125900897,,amide,32,2968,18,536,0.562500000013672,0.1805929919140227,1.6391111876382036,5.53786142315788,3.06187373233513e-08
2,529,-0.0764683645032135,,hydroxyl,54,2946,38,1006,0.7037037037091907,0.3414799728447585,1.0431671365207438,5.537530144631546,3.0676690743192125e-08
2,1162,-0.05228469646256894,,ester,198,2802,68,513,0.34343434343765944,0.18308351177759347,0.9075324460061264,5.518137326791974,3.426116634841492e-08
2,431,0.12182784658694983,,amide,27,2973,16,538,0.5925925926076817,0.18096199125490045,1.7113538832220905,5.487373338525618,4.0795433475793175e-08
2,882,0.1156962399231653,,amide,22,2978,14,540,0.6363636363801652,0.18132975151135616,1.8112357449868612,5.480181522901466,4.24889683436902e-08
2,1477,-0.04494623862696293,,ester,45,2955,23,558,0.5111111111219754,0.18883248730991917,1.4365299629916144,5.429641141399536,5.646748046927996e-08
2,622,-0.06629202201477538,,carbonyl,80,2920,65,1475,0.8125000000023438,0.5051369863015394,0.6856931327755833,5.426400749866526,5.7501775341251005e-08
2,1274,-0.05804172023720735,,hydroxyl,289,2711,142,902,0.49134948097061815,0.3327185540393461,0.5624472115904346,5.3817992636098415,7.374497590362239e-08
2,519,-0.09252313944323509,,carbonyl,107,2893,82,1458,0.7663551401890994,0.5039751123403028,0.6046606218232191,5.3323754285385965,9.693626612516937e-08
2,998,0.1480207223756818,,heteroaromatic_ring,24,2976,16,650,0.6666666666805555,0.21841397849488628,1.6099004024993797,5.262814637420642,1.4186659180737138e-07
2,1508,0.10802155855926374,,aromatic_ring,60,2940,58,1886,0.9666666666672222,0.6414965986395778,0.5915768785682386,5.2208400766904814,1.7811330388362023e-07
2,440,0.12860564299609062,,amide,26,2974,15,539,0.5769230769393491,0.1812373907198449,1.6704983468058394,5.1770816539918085,2.2538359045753964e-07
2,967,-0.05435637769582093,,hydroxyl,32,2968,25,1019,0.781250000006836,0.34332884097057165,1.1861932302414082,5.17283731070023,2.3056575515489897e-07
2,233,0.12454097180161615,,heteroaromatic_ring,47,2953,25,641,0.5319148936269805,0.21706738909609988,1.2930524326375505,5.152927057248322,2.56451736069252e-07
2,1154,-0.05627324526532914,,ester,82,2918,34,547,0.41463414634860196,0.18745716244030589,1.1452779817802852,5.134149685498998,2.834224654968409e-07
2,1210,0.11740053207505896,,amide,29,2971,16,538,0.5517241379464922,0.18108381016520328,1.6072895321894423,5.118945605936189,3.0724855282215913e-07
2,1274,-0.05804172023720735,,aromatic_ring,289,2711,148,1796,0.5121107266452868,0.6624861674660042,-0.37143455377067947,-5.088281520439808,3.6132272618338845e-07
2,1567,0.11571015834321444,,amide,44,2956,21,533,0.47727272728460746,0.18031123139405267,1.4043246355621306,5.039137559188097,4.6763429839558057e-07
2,529,-0.0764683645032135,,carbonyl,54,2946,46,1494,0.8518518518545953,0.5071283095724687,0.7482517361443269,5.02236224951018,5.103980176279777e-07
2,5,0.12419711191547111,,heteroaromatic_ring,48,2952,25,641,0.520833333343316,0.2171409214094793,1.2621901485211133,5.02210539799695,5.110812266728715e-07
2,1009,-0.05673988594481895,,carbonyl,34,2966,32,1508,0.9411764705899653,0.5084288604182372,0.8884193279378084,5.019766883422204,5.173422321647081e-07
2,1922,0.11048912609551471,,heteroaromatic_ring,51,2949,26,640,0.5098039215782392,0.21702271956622007,1.232096388369406,4.9881413385646445,6.09629628556263e-07
2,1279,0.10403532139758194,,aromatic_ring,70,2930,65,1879,0.928571428572449,0.6412969283277675,0.5340203939743527,4.973480802913061,6.576128877000542e-07
2,1884,-0.04516085615253846,,ester,43,2957,21,560,0.48837209303515416,0.1893811295234395,1.3666881792850805,4.925752424047646,8.403634588205477e-07
2,1567,0.11571015834321444,,aromatic_ring,44,2956,44,1900,1.0,0.6427604871449111,0.6376468509275697,4.92513999387879,8.429997921943766e-07
2,1477,-0.04494623862696293,,hydroxyl,45,2955,31,1013,0.6888888888958026,0.3428087986465845,1.0068671703345,4.8371278641557955,1.3172869481881122e-06
2,855,0.11580600269451893,,amide,28,2972,15,539,0.5357142857308673,0.18135935397066577,1.5626126113794687,4.8097158341399275,1.5114501386026546e-06
2,504,-0.05371901737110495,,heteroaromatic_ring,70,2930,32,634,0.45714285715061215,0.2163822525599944,1.0790629022479274,4.790064289789043,1.66727885408946e-06
2,182,-0.06753512428504062,,aromatic_ring,51,2949,17,1927,0.33333333334640525,0.6534418446932339,-0.9710932498988237,-4.745699489321642,2.0778701073087547e-06
2,1922,0.11048912609551471,,aromatic_ring,51,2949,49,1895,0.9607843137262592,0.6425907087149397,0.5803124761478781,4.717310459475252,2.3898286816148584e-06
2,1489,-0.057583370387919414,,hydroxyl,31,2969,23,1021,0.7419354838792924,0.34388683058290875,1.1093598727942522,4.628583016038178,3.681762693386048e-06
2,698,0.1428178331866204,,heteroaromatic_ring,20,2980,13,653,0.6500000000175,0.21912751677878553,1.5686690570939394,4.621095847561283,3.817183582999206e-06
2,1997,-0.06333468071006793,,carbonyl,40,2960,35,1505,0.875000000003125,0.508445945946112,0.783188610931533,4.6072069151002255,4.081138441192067e-06
2,1489,-0.057583370387919414,,ester,31,2969,16,565,0.5161290322736732,0.1902997642306533,1.4394580103387924,4.566996360128967,4.947625988682702e-06
2,479,-0.04617772363743965,,ester,62,2938,26,555,0.41935483871904267,0.18890401633792073,1.150518127103139,4.544170622639434,5.515197211369838e-06
2,182,-0.06753512428504062,,halogen,51,2949,26,699,0.5098039215782392,0.23702950152619973,1.1048758378815224,4.511563131852288,6.435162353213286e-06
2,1441,0.10748088194344159,,heteroaromatic_ring,50,2950,24,642,0.48000000001040005,0.217627118644333,1.1411760629901948,4.426781046076855,9.564973434184054e-06
2,963,0.11058141353476304,,carbonyl,28,2972,26,1514,0.9285714285739796,0.509421265141484,0.8661537066398487,4.416689788076397,1.0022390401154269e-05
2,1162,-0.05228469646256894,,heteroaromatic_ring,198,2802,19,647,0.09595959596416183,0.2309064953607313,-1.2668097681307835,-4.415731498846856,1.0066897827343269e-05
2,408,-0.05922679312654191,,ester,44,2956,20,561,0.4545454545578513,0.18978349120460428,1.2600700698246858,4.411525287667484,1.026449635155302e-05
2,1009,-0.05673988594481895,,hydroxyl,34,2966,24,1020,0.705882352949827,0.34389750505753747,1.0374491050833414,4.405968386519353,1.0531232295551973e-05
2,935,0.10633271952367454,,sulfonamide,567,2433,38,70,0.06701940035437914,0.02877106452978678,1.2199601765102233,4.402757170517335,1.0688377626077994e-05
2,440,0.12860564299609062,,heteroaromatic_ring,26,2974,15,651,0.5769230769393491,0.2188971082719506,1.39812607639317,4.373657508730725,1.2218201597358203e-05
2,1489,-0.057583370387919414,,carbonyl,31,2969,28,1512,0.9032258064547346,0.5092623779051838,0.8266775654408297,4.365818663382416,1.2664751701141341e-05
2,1884,-0.04516085615253846,,carbonyl,43,2957,36,1504,0.8372093023293672,0.5086236050052388,0.7189899231889537,4.279887807750086,1.8698754947532592e-05
2,1154,-0.05627324526532914,,aromatic_ring,82,2918,35,1909,0.42682926829967277,0.6542152159014207,-0.6161062071357994,-4.252004640567764,2.118654692395694e-05
2,431,0.12182784658694983,,heteroaromatic_ring,27,2973,15,651,0.5555555555720164,0.21897073662992972,1.3431931082280744,4.18935291798828,2.7975103483512953e-05
2,882,0.1156962399231653,,heteroaromatic_ring,22,2978,13,653,0.590909090927686,0.21927468099421785,1.4301969565831385,4.17890687193317,2.9291359066707656e-05
2,1477,-0.04494623862696293,,carbonyl,45,2955,37,1503,0.8222222222261728,0.5086294416245317,0.6929133904542656,4.177100212597761,2.9524896905108733e-05
2,1531,-0.05206808488206607,,hydroxyl,26,2974,19,1025,0.7307692307795858,0.3446536650977321,1.0842685329816244,4.1152897527155226,3.8669333714658194e-05
2,1009,-0.05673988594481895,,ester,34,2966,16,565,0.47058823530968863,0.1904922454486883,1.3047329839474102,4.109476959987332,3.9655627535717386e-05
2,935,0.10633271952367454,,carbonyl,567,2433,335,1205,0.5908289241629792,0.49527332511323663,0.25451553422516915,4.0996101758179515,4.138466217229464e-05
2,233,0.12454097180161615,,carbonyl,47,2953,38,1502,0.8085106383019466,0.5086352861498447,0.6686352053924287,4.080799548517247,4.488104831823492e-05
2,408,-0.05922679312654191,,carbonyl,44,2956,36,1504,0.8181818181859504,0.5087956698242527,0.6853350852803438,4.075709840663004,4.5874192482475706e-05
2,1997,-0.06333468071006793,,hydroxyl,40,2960,26,1018,0.65000000000875,0.34391891891914056,0.9183712377128379,4.03680982898493,5.418295449022281e-05
2,591,-0.04562764499823917,,halogen,279,2721,40,685,0.14336917563031049,0.2517456817349314,-0.8122321535107155,-4.0271929879082125,5.6446700301027164e-05
2,1257,-0.058260500708221474,,carbonyl,219,2781,141,1399,0.6438356164399824,0.5030564545129439,0.35597207498268535,4.013144212202322,5.9915283027622834e-05
2,1264,0.12874233922402287,,amide,27,2973,13,541,0.48148148150068587,0.1819710729905207,1.4037711801138146,3.9927192604815964,6.531988650193554e-05
2,1009,-0.05673988594481895,,aromatic_ring,34,2966,11,1933,0.3235294117846021,0.651719487525404,-1.0103542622811852,-3.984107186753584,6.77342968957717e-05
2,1997,-0.06333468071006793,,aromatic_ring,40,2960,14,1930,0.35000000001625003,0.6520270270271445,-0.8975768444021663,-3.9728502641100403,7.101769540929226e-05
2,1531,-0.05206808488206607,,ester,26,2974,13,568,0.5000000000192307,0.19098856758601512,1.38844181260117,3.9699618216917645,7.188414918601893e-05
2,967,-0.05435637769582093,,ester,32,2968,15,566,0.4687500000166016,0.1907008086256096,1.2975077294464723,3.958979025113979,7.527084623060176e-05
2,1422,0.1035917523858865,,amide,40,2960,17,537,0.42500000001437505,0.18141891891919545,1.2281379289404746,3.943636917364076,8.025513681353402e-05
2,639,-0.05482536635993734,,hydroxyl,25,2975,18,1026,0.7200000000112,0.34487394958005213,1.0619277491647225,3.9211789874689535,8.811677873854507e-05
2,1422,0.1035917523858865,,heteroaromatic_ring,40,2960,19,647,0.47500000001312503,0.21858108108134508,1.1197589771181493,3.876135968188415,0.00010612839399648522
2,233,0.12454097180161615,,aromatic_ring,47,2953,43,1901,0.9148936170230874,0.643752116491824,0.507098727512448,3.8615101931607656,0.00011268830992960943
2,963,0.11058141353476304,,amide,28,2972,13,541,0.46428571430484694,0.18203230148075975,1.3508184128525396,3.831070452803805,0.00012758696241510492
2,1884,-0.04516085615253846,,aromatic_ring,43,2957,16,1928,0.3720930232704165,0.6520121745013013,-0.8092355627553782,-3.815689620361055,0.0001358031211506905
2,1441,0.10748088194344159,,carbonyl,50,2950,39,1501,0.7800000000044,0.5088135593222004,0.6163370066110672,3.8044144295804077,0.00014214003650092621
2,519,-0.09252313944323509,,sulfonamide,107,2893,11,97,0.10280373832614202,0.03352920843448547,1.6164023980819189,3.777368011497351,0.00015849445115412308
2,591,-0.04562764499823917,,heteroaromatic_ring,279,2721,37,629,0.13261648745830604,0.2311650128632006,-0.8016629117977909,-3.772155520060698,0.00016184332349711283
2,519,-0.09252313944323509,,amide,107,2893,5,549,0.046728971971525896,0.1897684064987246,-2.021850622316457,-3.7445480594148917,0.0001807187833180457
2,504,-0.05371901737110495,,hydroxyl,70,2930,39,1005,0.5571428571491835,0.3430034129695075,0.6998243651760401,3.71711034875411,0.00020151444132010532
2,1422,0.1035917523858865,,aromatic_ring,40,2960,37,1907,0.925000000001875,0.644256756756877,0.5218176029477983,3.6928843059009444,0.00022172491025229668
2,639,-0.05482536635993734,,carbonyl,25,2975,22,1518,0.8800000000048,0.5102521008405008,0.7862933065371783,3.683350467153783,0.00023018833720045428
2,1531,-0.05206808488206607,,aromatic_ring,26,2974,8,1936,0.3076923077189349,0.6509751176867347,-1.0811140232386793,-3.6491334888348415,0.0002631263563714903
2,1279,0.10403532139758194,,carbonyl,70,2930,51,1489,0.728571428575306,0.5081911262800314,0.5196992357612408,3.645687537713104,0.00026667784995071386
2,998,0.1480207223756818,,carbonyl,24,2976,21,1519,0.8750000000052083,0.5104166666668312,0.7776075786716745,3.559120849370448,0.0003720982939636741
2,529,-0.0764683645032135,,amide,54,2946,0,554,1.8518518518175587e-11,0.18805159538384655,-33.2414408071919,-3.52913110179581,0.00041692653018343684
2,504,-0.05371901737110495,,ester,70,2930,25,556,0.3571428571520408,0.18976109215044717,0.9123170494508565,3.5022375509998183,0.0004613680696066158
2,698,0.1428178331866204,,carbonyl,20,2980,18,1522,0.900000000005,0.5107382550337213,0.8173408784084796,3.4712723905334304,0.0005179982591649868
2,552,0.1205537125900897,,aromatic_ring,32,2968,30,1914,0.9375000000019532,0.6448787061995805,0.5397908577460344,3.4474136875188424,0.0005659812192897462
2,622,-0.06629202201477538,,amide,80,2920,3,551,0.03750000001203125,0.18869863013726415,-2.331121448509244,-3.4384427229754673,0.0005850702947949316
2,1489,-0.057583370387919414,,aromatic_ring,31,2969,11,1933,0.354838709698231,0.6510609632874197,-0.8756292358898031,-3.4354542177925524,0.0005915614069442743
2,967,-0.05435637769582093,,halogen,32,2968,16,709,0.5000000000156251,0.23888140161750712,1.0656335594248227,3.4319872593727063,0.0005991757061096781
2,182,-0.06753512428504062,,amide,51,2949,0,554,1.9607843136870438e-11,0.1878602916245548,-33.15751025497561,-3.4279539975571804,0.0006081485026969702
2,967,-0.05435637769582093,,carbonyl,32,2968,26,1514,0.8125000000058594,0.5101078167117553,0.6715656047861013,3.4040923779081034,0.0006638429865561957
2,1252,0.1108696294740644,,aromatic_ring,26,2974,25,1919,0.9615384615399408,0.6452589105582901,0.5754664074926239,3.362085917832463,0.0007735605028647008
2,591,-0.04562764499823917,,amide,279,2721,31,523,0.1111111111142971,0.19220874678456737,-0.7906708964004359,-3.3246970963497353,0.0008851464419850075
2,967,-0.05435637769582093,,aromatic_ring,32,2968,12,1932,0.37500000001953127,0.6509433962265327,-0.7956415014189341,-3.250928969577354,0.0011502859226373285
2,859,0.11919241537476143,,heteroaromatic_ring,30,2970,14,652,0.46666666668444445,0.2195286195288823,1.0879833879593692,3.2407949209332765,0.0011919690218991086
2,1210,0.11740053207505896,,aromatic_ring,29,2971,27,1917,0.9310344827609988,0.6452372938405772,0.5290047752065783,3.2069250912074185,0.0013416192582993425
2,1252,0.1108696294740644,,amide,26,2974,11,543,0.42307692309911243,0.1825823806324201,1.2123724448177562,3.1465881303971655,0.0016518747089122598
2,963,0.11058141353476304,,aromatic_ring,28,2972,26,1918,0.9285714285739796,0.6453566621804693,0.5249161916076501,3.1232003830329456,0.0017889590507589315
2,504,-0.05371901737110495,,amide,70,2930,3,551,0.04285714287081632,0.18805460750880953,-2.1335440750271952,-3.0939933924136644,0.0019748188462713756
2,591,-0.04562764499823917,,nitro,279,2721,2,125,0.0071684587849205434,0.04593899301762369,-2.679984354536431,-3.0630854459804424,0.002190674985162566
2,935,0.10633271952367454,,ester,567,2433,84,497,0.14814814814965055,0.2042745581589789,-0.46346893877500445,-3.0456814304123605,0.002321536668124624
2,182,-0.06753512428504062,,hydroxyl,51,2949,28,1016,0.54901960785198,0.3445235673111751,0.6722550003979855,3.0397182484399714,0.002367995622999608
2,1264,0.12874233922402287,,aromatic_ring,27,2973,25,1919,0.9259259259286694,0.6454759502187536,0.5205334393275285,3.0374929693137953,0.002385549695242517
2,1210,0.11740053207505896,,carbonyl,29,2971,23,1517,0.7931034482829964,0.510602490744022,0.6353084805303342,3.028963835597525,0.0024539405635062295
2,408,-0.05922679312654191,,aromatic_ring,44,2956,19,1925,0.4318181818310951,0.6512178619757607,-0.5927162814743052,-3.024788973513369,0.0024880666057023326
2,479,-0.04617772363743965,,heteroaromatic_ring,62,2938,4,662,0.06451612904734652,0.2253233492174182,-1.8042650363020967,-3.015090636013067,0.0025690247282903478
2,1436,-0.08286886674135992,,heteroaromatic_ring,62,2938,4,662,0.06451612904734652,0.2253233492174182,-1.8042650363020967,-3.015090636013067,0.0025690247282903478
2,1422,0.1035917523858865,,carbonyl,40,2960,30,1510,0.7500000000062501,0.5101351351353006,0.5560111270365817,3.014854294673881,0.002571027348234445
2,622,-0.06629202201477538,,halogen,80,2920,8,717,0.10000000001124999,0.24554794520573783,-1.2960047496611027,-3.0001531259098253,0.002698439113325124
2,1162,-0.05228469646256894,,halogen,198,2802,31,694,0.15656565656991633,0.24768022840854828,-0.6617109218024888,-2.8943791624188897,0.003799091038680036
2,855,0.11580600269451893,,hydroxyl,28,2972,17,1027,0.6071428571568878,0.3455585464335984,0.8131058534455567,2.892284854241138,0.0038245102055769475
2,1477,-0.04494623862696293,,heteroaromatic_ring,45,2955,2,664,0.044444444465679016,0.22470389170923022,-2.3379501119241013,-2.887726919947292,0.003880365973300881
2,504,-0.05371901737110495,,aromatic_ring,70,2930,34,1910,0.48571428572163255,0.6518771331059209,-0.4244921492865688,-2.8767180204222194,0.004018344992053224
2,882,0.1156962399231653,,carbonyl,22,2978,18,1522,0.8181818181900826,0.5110812625925081,0.6788687778976786,2.8712970735576064,0.00408791152644894
2,679,-0.06490241720362314,,heteroaromatic_ring,97,2903,10,656,0.1030927835144011,0.2259731312438078,-1.1322078951634933,-2.864606042443255,0.004175283304471478
2,84,-0.07824481965200898,,amide,80,2920,5,549,0.06250000001171875,0.18801369863041506,-1.5889096849694473,-2.8543358051427155,0.004312691855744344
2,1436,-0.08286886674135992,,amide,62,2938,3,551,0.048387096789542144,0.18754254594990213,-1.954523637225095,-2.7944701609193805,0.005198483801107212
2,859,0.11919241537476143,,carbonyl,30,2970,23,1517,0.7666666666744445,0.5107744107745755,0.5859132059037598,2.7901004171152812,0.0052691696324633774
2,1257,-0.058260500708221474,,halogen,219,2781,36,689,0.16438356164765122,0.24775260697617843,-0.5918342014845533,-2.774778391605518,0.0055239334023320374
2,5,0.12419711191547111,,aromatic_ring,48,2952,40,1904,0.8333333333368056,0.644986449864619,0.36962483692440085,2.710302537260646,0.00672218616247422
2,1162,-0.05228469646256894,,nitro,198,2802,1,126,0.005050505055530049,0.04496788008599394,-3.154395301724234,-2.695998143854332,0.0070178057753076395
2,963,0.11058141353476304,,heteroaromatic_ring,28,2972,12,654,0.4285714285918367,0.22005383580106996,0.961679153771045,2.64252562674496,0.008229023769210642
2,529,-0.0764683645032135,,heteroaromatic_ring,54,2946,4,662,0.07407407409122085,0.22471147318424145,-1.6010331936025695,-2.6394846863531045,0.008303217445182032
2,440,0.12860564299609062,,carbonyl,26,2974,20,1520,0.769230769239645,0.5110961667789136,0.5898217004839234,2.621966991255241,0.00874238979247055
2,1252,0.1108696294740644,,carbonyl,26,2974,20,1520,0.769230769239645,0.5110961667789136,0.5898217004839234,2.621966991255241,0.00874238979247055
2,1531,-0.05206808488206607,,carbonyl,26,2974,20,1520,0.769230769239645,0.5110961667789136,0.5898217004839234,2.621966991255241,0.00874238979247055
2,1257,-0.058260500708221474,,sulfonamide,219,2781,1,107,0.004566210050207461,0.0384753685728017,-3.07486601523249,-2.5935174226434494,0.009499972570248039
2,1884,-0.04516085615253846,,hydroxyl,43,2957,23,1021,0.5348837209410493,0.345282380791564,0.6314485786256876,2.5913569855109135,0.009559826691406315
2,529,-0.0764683645032135,,halogen,54,2946,5,720,0.09259259260939644,0.24439918533630536,-1.4002707883096233,-2.5822887755842334,0.009814742162109091
2,1274,-0.05804172023720735,,halogen,289,2711,52,673,0.17993079585058847,0.2482478790117122,-0.46433926111105156,-2.5789559212908686,0.009909943098248997
2,1489,-0.057583370387919414,,heteroaromatic_ring,31,2969,1,665,0.03225806454734652,0.22398113843070933,-2.7956454613942983,-2.555250112590007,0.01061115208667962
2,519,-0.09252313944323509,,heteroaromatic_ring,107,2893,13,653,0.12149532711101406,0.22571724853120437,-0.8936158417811033,-2.547406590837621,0.010852690327112668
2,182,-0.06753512428504062,,ester,51,2949,17,564,0.33333333334640525,0.1912512716177717,0.8014962539962948,2.5457535128858497,0.010904215400242556
2,1210,0.11740053207505896,,ester,29,2971,11,570,0.3793103448489893,0.19185459441292768,0.9833654043723961,2.5421649070262475,0.011016818181818877
2,440,0.12860564299609062,,aromatic_ring,26,2974,23,1921,0.8846153846198225,0.6459314055145777,0.45366936630978394,2.537236575871604,0.011173142050492357
2,1257,-0.058260500708221474,,nitro,219,2781,2,125,0.009132420095848711,0.044947860482184486,-2.2991833142128364,-2.5344504293875656,0.011262386033443317
2,591,-0.04562764499823917,,hydroxyl,279,2721,78,966,0.27956989247570047,0.35501653803772326,-0.3446772305406719,-2.519603834915765,0.011748698249441691
2,1154,-0.05627324526532914,,heteroaromatic_ring,82,2918,9,657,0.10975609757183225,0.22515421521616685,-1.036612395439206,-2.479826985374934,0.013144614643306962
2,1252,0.1108696294740644,,heteroaromatic_ring,26,2974,11,655,0.42307692309911243,0.2202420981845258,0.9418297361977594,2.4778371755141126,0.013218145094354039
2,479,-0.04617772363743965,,amide,62,2938,4,550,0.06451612904734652,0.18720217835289749,-1.5368654379073448,-2.463737539696478,0.013749675336299783
2,1477,-0.04494623862696293,,amide,45,2955,2,552,0.044444444465679016,0.18680203045712798,-2.0714351373557864,-2.4425481465246075,0.014583984160828845
2,1257,-0.058260500708221474,,amide,219,2781,27,527,0.12328767123687998,0.18950017979173336,-0.6201706796836056,-2.4313087472857533,0.015044388539479314
2,1531,-0.05206808488206607,,halogen,26,2974,1,724,0.038461538498520714,0.24344317417644806,-2.6620966717861796,-2.430933250897414,0.015059988726036533
2,1477,-0.04494623862696293,,halogen,45,2955,4,721,0.08888888890913581,0.24399323181074653,-1.4567661301785013,-2.412180938716236,0.015857409805669853
2,479,-0.04617772363743965,,halogen,62,2938,7,718,0.11290322582075964,0.24438393464967856,-1.1140627414147306,-2.3932314471444855,0.01670070233943033
2,1997,-0.06333468071006793,,halogen,40,2960,16,709,0.400000000015,0.23952702702728393,0.7398115484419876,2.3549336386115356,0.018526013848510825
2,1508,0.10802155855926374,,amide,60,2940,18,536,0.3000000000116667,0.18231292517034614,0.7185456551536523,2.325710092016237,0.020034021744962383
2,935,0.10633271952367454,,nitro,567,2433,14,113,0.02469135802641148,0.04644471845497475,-0.9115083602730523,-2.316753850486117,0.020517144284819544
2,479,-0.04617772363743965,,hydroxyl,62,2938,30,1014,0.4838709677502602,0.3451327433630548,0.48747102879847154,2.2695712701924355,0.02323360842250799
2,5,0.12419711191547111,,halogen,48,2952,5,720,0.10416666668532987,0.24390243902464637,-1.2274104958461045,-2.243299804915097,0.024877487952296384
2,431,0.12182784658694983,,aromatic_ring,27,2973,23,1921,0.8518518518573388,0.6461486713758338,0.39873639814468864,2.2279266128868778,0.02588540918141513
2,519,-0.09252313944323509,,nitro,107,2893,0,127,9.34579439243602e-12,0.04389906671308542,-32.12915391925432,-2.2146869513892447,0.026781559113111086
2,1997,-0.06333468071006793,,amide,40,2960,2,552,0.050000000023750005,0.18648648648676133,-1.899071090466065,-2.2097493961374295,0.027122559488470532
2,639,-0.05482536635993734,,heteroaromatic_ring,25,2975,1,665,0.040000000038400006,0.22352941176496688,-2.4823927656973055,-2.1988330137268495,0.027889798109885122
2,504,-0.05371901737110495,,carbonyl,70,2930,45,1495,0.6428571428622448,0.5102389078499965,0.33332525961982823,2.1938650669424,0.02824511141082331
2,855,0.11580600269451893,,carbonyl,28,2972,20,1520,0.7142857142959184,0.511440107671766,0.481935965057553,2.137434736890183,0.03256264861015268
2,1274,-0.05804172023720735,,sulfonamide,289,2711,4,104,0.013840830453239306,0.03836222796051702,-1.4707560024617172,-2.1272008756752045,0.03340339641474088
2,84,-0.07824481965200898,,heteroaromatic_ring,80,2920,10,656,0.1250000000109375,0.22465753424684087,-0.8457993507261735,-2.116019393256155,0.03434315821452194
2,679,-0.06490241720362314,,nitro,97,2903,0,127,1.0309278350409183e-11,0.043747847055100327,-31.98262152634463,-2.1050238659302334,0.03528923064993106
2,679,-0.06490241720362314,,amide,97,2903,10,544,0.1030927835144011,0.18739235273882626,-0.8621187317962018,-2.1048069015166937,0.03530812017642937
2,1154,-0.05627324526532914,,halogen,82,2918,12,713,0.14634146342504462,0.24434544208387787,-0.7395836023218227,-2.0445333574828624,0.04090088550031501
2,1162,-0.05228469646256894,,sulfonamide,198,2802,2,106,0.010101010106009592,0.037830121342242035,-1.905035833511025,-2.024194385532612,0.04295015504406452
2,1567,0.11571015834321444,,halogen,44,2956,5,720,0.11363636365650827,0.243572395128808,-1.0999260656792238,-1.9985226520347081,0.04566002663625923
2,552,0.1205537125900897,,carbonyl,32,2968,22,1518,0.6875000000097657,0.5114555256066337,0.42675091986266284,1.9817696573336872,0.04750502693887393
2,1252,0.1108696294740644,,ester,26,2974,9,572,0.3461538461789941,0.19233355749859032,0.8478028786780237,1.976175019134588,0.048134958163768005
2,1567,0.11571015834321444,,sulfonamide,44,2956,4,104,0.09090909092975208,0.035182679296672806,1.369559217682263,1.9696508003917412,0.04887840524973375
2,1567,0.11571015834321444,,carbonyl,44,2956,29,1511,0.6590909090986571,0.5111637347768907,0.36669198548808973,1.948724088825949,0.05132838344517365
2,679,-0.06490241720362314,,sulfonamide,97,2903,0,108,1.0309278350409183e-11,0.03720289355871953,-31.74882434173793,-1.9347983573953365,0.05301504475713581
2,1884,-0.04516085615253846,,halogen,43,2957,5,720,0.11627906978799352,0.24349002367289702,-1.066271227770614,-1.9345738937842187,0.053042606179549034
2,1922,0.11048912609551471,,carbonyl,51,2949,33,1507,0.6470588235363322,0.5110206849781245,0.3405151828658324,1.9271121702225609,0.05396565236916495
2,84,-0.07824481965200898,,nitro,80,2920,0,127,1.249999999984375e-11,0.04349315068525908,-31.69621298190731,-1.906111241291562,0.05663577454444635
2,698,0.1428178331866204,,hydroxyl,20,2980,11,1033,0.5500000000225,0.3466442953022327,0.6659756002925064,1.9028538915356528,0.05705961286849193
2,698,0.1428178331866204,,aromatic_ring,20,2980,17,1927,0.8500000000075,0.646644295302132,0.3944905054292452,1.8978418881741783,0.057716913381676616
2,1997,-0.06333468071006793,,heteroaromatic_ring,40,2960,4,662,0.10000000002250001,0.22364864864891093,-1.1612340408553534,-1.8691248542252437,0.061605445878218035
2,622,-0.06629202201477538,,heteroaromatic_ring,80,2920,11,655,0.13750000001078125,0.22431506849341631,-0.706094918796086,-1.843336481754073,0.06527989776702126
2,1489,-0.057583370387919414,,sulfonamide,31,2969,3,105,0.09677419357752341,0.03536544291039564,1.4522820510759193,1.825853014068193,0.06787240529177785
2,1279,0.10403532139758194,,nitro,70,2930,6,121,0.08571428572734693,0.04129692832797226,1.0535011960196137,1.8240069999377595,0.06815101399017509
2,1531,-0.05206808488206607,,heteroaromatic_ring,26,2974,2,664,0.07692307695857989,0.22326832548782002,-1.5372902167714264,-1.7877585742232656,0.07381496701287626
2,408,-0.05922679312654191,,heteroaromatic_ring,44,2956,5,661,0.11363636365650827,0.22361299052800285,-0.9765794308574197,-1.7424167416785965,0.08143554852029466
2,504,-0.05371901737110495,,halogen,70,2930,23,702,0.3285714285810204,0.23959044368626634,0.4556366681576492,1.7186243558086018,0.08568279385671973
2,882,0.1156962399231653,,aromatic_ring,22,2978,18,1926,0.8181818181900826,0.6467427803896418,0.3392294335579635,1.677505472487964,0.09344368023599081
2,479,-0.04617772363743965,,nitro,62,2938,0,127,1.6129032257804374e-11,0.04322668481993083,-31.31961517062316,-1.6728793638440087,0.09435104702563302
2,1436,-0.08286886674135992,,nitro,62,2938,0,127,1.6129032257804374e-11,0.04322668481993083,-31.31961517062316,-1.6728793638440087,0.09435104702563302
2,182,-0.06753512428504062,,carbonyl,51,2949,32,1508,0.6274509803994617,0.5113597829774461,0.29516405183790545,1.644544403327756,0.10006380017577543
2,963,0.11058141353476304,,ester,28,2972,2,579,0.0714285714617347,0.19481830417254548,-1.4475560588404277,-1.6445120828959572,0.10007047052135709
2,504,-0.05371901737110495,,sulfonamide,70,2930,0,108,1.4285714285510204e-11,0.036860068259714385,-31.264838423818563,-1.6360198572119795,0.10183543156816799
2,1508,0.10802155855926374,,carbonyl,60,2940,37,1503,0.6166666666730556,0.5112244897960846,0.27053391584227127,1.6176609165820486,0.10573569318753928
2,408,-0.05922679312654191,,amide,44,2956,4,550,0.09090909092975208,0.18606224627903042,-1.0332888725774179,-1.6146532319933686,0.10638581076351095
2,431,0.12182784658694983,,carbonyl,27,2973,18,1522,0.6666666666790123,0.5119408005383411,0.38098860370919646,1.6012756450688392,0.10931588084488242
2,1264,0.12874233922402287,,carbonyl,27,2973,18,1522,0.6666666666790123,0.5119408005383411,0.38098860370919646,1.6012756450688392,0.10931588084488242
2,1508,0.10802155855926374,,nitro,60,2940,5,122,0.08333333334861112,0.041496598639781807,1.0059006016928438,1.5933017212571974,0.11109252074345921
2,1279,0.10403532139758194,,heteroaromatic_ring,70,2930,21,645,0.30000000001,0.22013651877159723,0.446564004879133,1.5889277656286858,0.11207670178133355
2,529,-0.0764683645032135,,nitro,54,2946,0,127,1.8518518518175587e-11,0.0431093007471001,-31.116383327923632,-1.5591043508854967,0.11897168404701852
2,1441,0.10748088194344159,,ester,50,2950,14,567,0.2800000000144,0.1922033898307823,0.5427930465493568,1.5578598523509342,0.11926647411035995
2,1436,-0.08286886674135992,,sulfonamide,62,2938,0,108,1.6129032257804374e-11,0.036759700476842495,-31.085817986016462,-1.5375997857656671,0.1241464998877917
2,1210,0.11740053207505896,,hydroxyl,29,2971,14,1030,0.4827586207074911,0.3466846179739661,0.4776781947472522,1.530916266904409,0.12579008836311178
2,182,-0.06753512428504062,,nitro,51,2949,0,127,1.9607843136870438e-11,0.043065445914193604,-31.032452775707345,-1.5144061917980733,0.12992284982915692
2,1508,0.10802155855926374,,sulfonamide,60,2940,0,108,1.666666666638889e-11,0.036734693877878664,-31.037530512071434,-1.5120819207692697,0.13051302351928684
2,1441,0.10748088194344159,,nitro,50,2950,0,127,1.9999999999600002e-11,0.043050847457951506,-31.00339449143631,-1.4992313982391399,0.13381361223491783
2,1154,-0.05627324526532914,,amide,82,2918,10,544,0.12195121952290303,0.1864290610009642,-0.6123225829386517,-1.4840125676594589,0.13780558650654484
2,998,0.1480207223756818,,aromatic_ring,24,2976,19,1925,0.7916666666753472,0.6468413978495811,0.291481093376389,1.4796090041433994,0.13897762216271614
2,1009,-0.05673988594481895,,heteroaromatic_ring,34,2966,4,662,0.11764705884948098,0.2231962238707946,-0.9238473652863778,-1.4724919219293213,0.14088808682357934
2,5,0.12419711191547111,,nitro,48,2952,0,127,2.0833333332899308e-11,0.04302168021712635,-30.943523035460114,-1.46844307984335,0.14198390693287744
2,1257,-0.058260500708221474,,heteroaromatic_ring,219,2781,40,626,0.18264840183021622,0.22509888529333869,-0.30148978227204865,-1.455386290224938,0.1455623497113021
2,233,0.12454097180161615,,nitro,47,2953,0,127,2.127659574422816e-11,0.04300711141244734,-30.912660751343676,-1.4528202357315187,0.14627367197771113
2,529,-0.0764683645032135,,sulfonamide,54,2946,0,108,1.8518518518175587e-11,0.03665987780073433,-30.882586143316935,-1.4330253380610172,0.15185059636402665
2,1531,-0.05206808488206607,,amide,26,2974,2,552,0.07692307695857989,0.18560860793571432,-1.2707752422031116,-1.422022297690782,0.15501977797971245
2,1477,-0.04494623862696293,,nitro,45,2955,0,127,2.2222222221728398e-11,0.04297800338441862,-30.848948222066138,-1.4210919820544263,0.15529002062879194
2,408,-0.05922679312654191,,nitro,44,2956,0,127,2.2727272726756202e-11,0.04296346414105448,-30.816038605293233,-1.4049756525502928,0.16002851841074528
2,859,0.11919241537476143,,halogen,30,2970,4,721,0.13333333336222222,0.24276094276119772,-0.8644988288501441,-1.3930499443611843,0.16360468820082152
2,1884,-0.04516085615253846,,nitro,43,2957,0,127,2.3255813952947543e-11,0.04294893473147009,-30.782383767384623,-1.3886833881396128,0.1649290477673626
2,1154,-0.05627324526532914,,nitro,82,2918,1,126,0.012195121963265913,0.043180260452692534,-1.8240677587859635,-1.3743393001336282,0.16933637092369502
2,639,-0.05482536635993734,,amide,25,2975,2,552,0.08000000003680001,0.18554621848766872,-1.2137066928087143,-1.3543586505874081,0.17562198282179198
2,622,-0.06629202201477538,,nitro,80,2920,1,126,0.01250000001234375,0.04315068493183454,-1.7874553632061938,-1.3432831188629513,0.1791803161586627
2,998,0.1480207223756818,,halogen,24,2976,3,722,0.12500000003645834,0.24260752688197493,-0.9566962153598669,-1.3404731684080968,0.18009156185912234
2,1422,0.1035917523858865,,nitro,40,2960,0,127,2.4999999999375005e-11,0.04290540540572875,-30.676584175176416,-1.338686287970912,0.18067282201828672
2,967,-0.05435637769582093,,amide,32,2968,3,551,0.09375000002832032,0.18564690026981615,-0.985670630795516,-1.3325555387439894,0.1826777040627774
2,679,-0.06490241720362314,,halogen,97,2903,18,707,0.18556701031767456,0.24354116431304046,-0.39222538886381964,-1.3120329093926857,0.18950903091046079
2,1477,-0.04494623862696293,,sulfonamide,45,2955,0,108,2.2222222221728398e-11,0.03654822335057985,-30.61515103745944,-1.3061735199717277,0.19149355564856707
2,859,0.11919241537476143,,ester,30,2970,3,578,0.10000000003000001,0.19461279461306577,-0.9606065612691145,-1.3047982020337308,0.1919615715380505
2,408,-0.05922679312654191,,sulfonamide,44,2956,0,108,2.2727272726756202e-11,0.03653585926960875,-30.582241420686536,-1.2913604585349827,0.1965787151768974
2,1884,-0.04516085615253846,,sulfonamide,43,2957,0,108,2.3255813952947543e-11,0.03652350355122201,-30.548586582777926,-1.276385689398052,0.2018192124704563
2,1489,-0.057583370387919414,,amide,31,2969,3,551,0.09677419357752341,0.18558437184264548,-0.9393809398179938,-1.2677283611306929,0.20489497301039838
2,233,0.12454097180161615,,halogen,47,2953,15,710,0.319148936184699,0.24043345750110381,0.40859217073673176,1.250667074967118,0.21105596765432422
2,440,0.12860564299609062,,halogen,26,2974,9,716,0.3461538461789941,0.24075319435129766,0.5238584381926639,1.2499751416286387,0.2113086281923804
2,182,-0.06753512428504062,,heteroaromatic_ring,51,2949,15,651,0.29411764707266436,0.22075279755875865,0.41396162759928873,1.2499239571631533,0.21132732696313994
2,1009,-0.05673988594481895,,nitro,34,2966,0,127,2.941176470501731e-11,0.042818610924125824,-30.43919749960744,-1.2329587868521195,0.21759114077199415
2,1422,0.1035917523858865,,sulfonamide,40,2960,0,108,2.4999999999375005e-11,0.036486486486812,-30.44278699056972,-1.230431670136525,0.21853549988557486
2,1997,-0.06333468071006793,,sulfonamide,40,2960,0,108,2.4999999999375005e-11,0.036486486486812,-30.44278699056972,-1.230431670136525,0.21853549988557486
2,591,-0.04562764499823917,,carbonyl,279,2721,153,1387,0.5483870967758122,0.509739066519842,0.1054356997932888,1.2300353024665343,0.21868388539422856
2,855,0.11580600269451893,,halogen,28,2972,4,721,0.1428571428877551,0.2425975773892185,-0.7639919704521967,-1.2270876854790747,0.2197896357976008
2,1009,-0.05673988594481895,,amide,34,2966,9,545,0.2647058823745675,0.1837491571142334,0.5266526230980213,1.2096381709303814,0.22641776444515882
2,698,0.1428178331866204,,ester,20,2980,6,575,0.300000000035,0.192953020134499,0.6367128755178697,1.2074027921472177,0.22727706077800347
2,967,-0.05435637769582093,,nitro,32,2968,0,127,3.1249999999023444e-11,0.04278975741272143,-30.350762164193583,-1.1957426380801606,0.23179700683997062
2,1489,-0.057583370387919414,,nitro,31,2969,0,127,3.225806451508845e-11,0.04277534523440796,-30.30447247321606,-1.1767126518731326,0.23931021631070593
2,1154,-0.05627324526532914,,sulfonamide,82,2918,1,107,0.012195121963265913,0.03666895133686201,-1.5882548216892274,-1.1732784755911252,0.24068415097671436
2,1884,-0.04516085615253846,,amide,43,2957,5,549,0.11627906978799352,0.1856611430506643,-0.6750804704467619,-1.1640849703410767,0.24438957883911816
2,84,-0.07824481965200898,,sulfonamide,80,2920,1,107,0.01250000001234375,0.036643835616768275,-1.5516424261094577,-1.143647776811125,0.2527697393106816
2,622,-0.06629202201477538,,sulfonamide,80,2920,1,107,0.01250000001234375,0.036643835616768275,-1.5516424261094577,-1.143647776811125,0.2527697393106816
2,1264,0.12874233922402287,,halogen,27,2973,4,721,0.1481481481796982,0.24251597712773545,-0.7110392031909221,-1.1402608780048975,0.25417763144551797
2,998,0.1480207223756818,,hydroxyl,24,2976,11,1033,0.45833333335590276,0.3471102150539828,0.40100339022924303,1.1393131341073246,0.25457257219979557
2,1210,0.11740053207505896,,nitro,29,2971,0,127,3.44827586195006e-11,0.04274654998349285,-30.207285646111206,-1.1377382208352094,0.2552298086209208
2,855,0.11580600269451893,,aromatic_ring,28,2972,21,1923,0.7500000000089285,0.6470390309557043,0.2130378539367652,1.1354200985160503,0.2561993424926232
2,1009,-0.05673988594481895,,sulfonamide,34,2966,0,108,2.941176470501731e-11,0.03641267700639366,-30.20540031500074,-1.1332539616995918,0.25710761917234315
2,233,0.12454097180161615,,hydroxyl,47,2953,20,1024,0.4255319149058398,0.3467660006774986,0.295304884384198,1.124721308992528,0.26070714901896697
2,855,0.11580600269451893,,nitro,28,2972,0,127,3.571428571301021e-11,0.0427321668913046,-30.156174062339833,-1.1177618634161433,0.2636687133876392
2,1279,0.10403532139758194,,halogen,70,2930,13,712,0.18571428572591836,0.24300341296954164,-0.3878917803718292,-1.1065115715480036,0.2685051583037046
2,431,0.12182784658694983,,nitro,27,2973,0,127,3.70370370356653e-11,0.04271779347492677,-30.10322129507856,-1.0974357466589542,0.2724509542045368
2,431,0.12182784658694983,,ester,27,2973,3,578,0.11111111114403292,0.19441641439650373,-0.8071469356098925,-1.0904521509865213,0.2755140199406336
2,440,0.12860564299609062,,nitro,26,2974,0,127,3.846153846005917e-11,0.04270342972459896,-30.048288326913465,-1.076740048844568,0.28159641515980116
2,1252,0.1108696294740644,,nitro,26,2974,0,127,3.846153846005917e-11,0.04270342972459896,-30.048288326913465,-1.076740048844568,0.28159641515980116
2,1441,0.10748088194344159,,aromatic_ring,50,2950,36,1908,0.7200000000055999,0.6467796610170689,0.15472259480959583,1.0749995520836126,0.2823749288681001
2,859,0.11919241537476143,,sulfonamide,30,2970,0,108,3.3333333332222224e-11,0.036363636363960825,-30.02288373613108,-1.0637896571000296,0.28742399780828465
2,1264,0.12874233922402287,,hydroxyl,27,2973,12,1032,0.44444444446502057,0.34712411705370094,0.3565514911079565,1.0568390469194744,0.29058505044951755
2,639,-0.05482536635993734,,nitro,25,2975,0,127,3.9999999998400004e-11,0.042689075630573885,-29.991219777519067,-1.0556530192235472,0.2911267685436556
2,1489,-0.057583370387919414,,halogen,31,2969,5,720,0.16129032260770032,0.24250589424074015,-0.5883599336020494,-1.0508147853963967,0.2933436637689977
2,998,0.1480207223756818,,nitro,24,2976,0,127,4.1666666664930555e-11,0.04267473118311738,-29.93184123044254,-1.0341507047724932,0.30106571518725334
2,963,0.11058141353476304,,sulfonamide,28,2972,0,108,3.571428571301021e-11,0.03633916554541173,-29.922376877733136,-1.027372588168262,0.3042450540087187
2,431,0.12182784658694983,,sulfonamide,27,2973,0,108,3.70370370356653e-11,0.036326942482665214,-29.86942411047186,-1.008690169431572,0.3131232478441872
2,1264,0.12874233922402287,,sulfonamide,27,2973,0,108,3.70370370356653e-11,0.036326942482665214,-29.86942411047186,-1.008690169431572,0.3131232478441872
2,1422,0.1035917523858865,,halogen,40,2960,7,718,0.17500000002062502,0.24256756756782347,-0.4710317459679874,-0.9915510057311728,0.3214165993885918
2,882,0.1156962399231653,,nitro,22,2978,0,127,4.545454545247934e-11,0.04264607118903874,-29.805341120890077,-0.9897913829241358,0.3222760975521701
2,1531,-0.05206808488206607,,sulfonamide,26,2974,0,108,3.846153846005917e-11,0.03631472763986674,-29.814491142306764,-0.9896680562933297,0.3223363933587735
2,639,-0.05482536635993734,,sulfonamide,25,2975,0,108,3.9999999998400004e-11,0.036302521008727294,-29.757422592912366,-0.970286256906904,0.3319038256631366
2,698,0.1428178331866204,,halogen,20,2980,3,722,0.1500000000425,0.24228187919488514,-0.6917240052966038,-0.9608165678085834,0.3366444066814105
2,639,-0.05482536635993734,,halogen,25,2975,4,721,0.16000000003360001,0.24235294117672526,-0.599037685631429,-0.9578412301238322,0.33814282513829585
2,998,0.1480207223756818,,sulfonamide,24,2976,0,108,4.1666666664930555e-11,0.03629032258096899,-29.69804404583584,-0.9505227552414671,0.3418466971674339
2,698,0.1428178331866204,,nitro,20,2980,0,127,4.9999999997500004e-11,0.0426174496647508,-29.666869020379277,-0.9434123140202063,0.3454700470227703
2,1884,-0.04516085615253846,,heteroaromatic_ring,43,2957,7,659,0.1627906976938886,0.22286100777841633,-0.45312595936137434,-0.9410069931059503,0.3467012755032899
2,408,-0.05922679312654191,,halogen,44,2956,8,717,0.18181818183677687,0.24255751014910604,-0.41583037304702686,-0.9342206479925558,0.35019008688149444
2,935,0.10633271952367454,,hydroxyl,567,2433,188,856,0.3315696649041771,0.35182901767392033,-0.0855624547232723,-0.9120404568807559,0.3617474208001208
2,882,0.1156962399231653,,sulfonamide,22,2978,0,108,4.545454545247934e-11,0.03626595030253987,-29.57154393628338,-0.9097506079815377,0.362954048093896
2,1210,0.11740053207505896,,halogen,29,2971,5,720,0.17241379313198574,0.24234264557413587,-0.4911731064971974,-0.8754022327673762,0.38135508535074214
2,698,0.1428178331866204,,sulfonamide,20,2980,0,108,4.9999999997500004e-11,0.03624161073857844,-29.433071835772576,-0.8671220431537497,0.38587514400772815
2,1162,-0.05228469646256894,,amide,198,2802,32,522,0.16161616162039588,0.18629550321228183,-0.20502137618312702,-0.86492360245007,0.3870807220682799
2,479,-0.04617772363743965,,sulfonamide,62,2938,1,107,0.016129032273933405,0.03641933287983785,-1.1750446148253086,-0.8487109928599025,0.39604212779672987
2,1922,0.11048912609551471,,nitro,51,2949,1,126,0.01960784315647828,0.04272634791487191,-1.1236951570062288,-0.8129674739666359,0.4162367068984345
2,552,0.1205537125900897,,sulfonamide,32,2968,2,106,0.06250000002929688,0.03571428571461061,0.8073549227207433,0.8090209626458361,0.4185030885936045
2,440,0.12860564299609062,,hydroxyl,26,2974,11,1033,0.42307692309911243,0.34734364492288256,0.2845562937583184,0.8071790190213728,0.41956335174406556
2,963,0.11058141353476304,,halogen,28,2972,5,720,0.1785714286007653,0.2422611036341715,-0.44006152272582433,-0.7835620160288067,0.433297151054733
2,233,0.12454097180161615,,ester,47,2953,7,574,0.14893617023087372,0.1943785980361685,-0.3841752149883877,-0.782162167224082,0.43411927535594197
2,552,0.1205537125900897,,halogen,32,2968,6,719,0.18750000002539063,0.24225067385470275,-0.36961008290349373,-0.7196102318039544,0.471765010489805
2,1441,0.10748088194344159,,hydroxyl,50,2950,15,1029,0.300000000014,0.34881355932225466,-0.21749362185719603,-0.7185590095176747,0.4724126771350208
2,5,0.12419711191547111,,hydroxyl,48,2952,19,1025,0.3958333333459202,0.34722222222244337,0.18903382443497357,0.7013588734776626,0.4830790810144281
2,552,0.1205537125900897,,hydroxyl,32,2968,13,1031,0.4062500000185547,0.3473719676552064,0.2258864774587663,0.6954824543526565,0.4867530031107834
2,1922,0.11048912609551471,,ester,51,2949,8,573,0.15686274511457132,0.1943031536116669,-0.3088065635166434,-0.6708380378613984,0.5023237126257913
2,882,0.1156962399231653,,halogen,22,2978,4,721,0.1818181818553719,0.24210879785116116,-0.41315902900243967,-0.6581491611291347,0.5104422888006073
2,1922,0.11048912609551471,,sulfonamide,51,2949,1,107,0.01960784315647828,0.036283485927759825,-0.8878822199094925,-0.6338035437961372,0.5262090401776505
2,859,0.11919241537476143,,hydroxyl,30,2970,12,1032,0.40000000002,0.3474747474749672,0.20309186544873434,0.600942547708545,0.5478782530091446
2,859,0.11919241537476143,,aromatic_ring,30,2970,21,1923,0.70000000001,0.6474747474748662,0.11253099553881789,0.5993597009736666,0.5489330442288642
2,504,-0.05371901737110495,,nitro,70,2930,2,125,0.028571428585306122,0.042662116041282366,-0.5783823516077549,-0.5786366882349205,0.5628343438563581
2,552,0.1205537125900897,,nitro,32,2968,2,125,0.06250000002929688,0.04211590296528231,0.5694910926239242,0.5696254299515726,0.568931776830113
2,1997,-0.06333468071006793,,nitro,40,2960,1,126,0.025000000024375003,0.042567567567891026,-0.7678265564753014,-0.548123519484153,0.5836070921349836
2,233,0.12454097180161615,,sulfonamide,47,2953,1,107,0.021276595765504756,0.03623433796172156,-0.7680901955458251,-0.5461303372472761,0.5849763475084038
2,1567,0.11571015834321444,,hydroxyl,44,2956,17,1027,0.3863636363775827,0.3474289580516416,0.15324131049215728,0.5381967820185057,0.5904412014472189
2,440,0.12860564299609062,,ester,26,2974,4,577,0.15384615387869824,0.19401479488930934,-0.33467829443098557,-0.5160584840618825,0.6058135627724477
2,519,-0.09252313944323509,,halogen,107,2893,28,697,0.2616822429975544,0.24092637400648428,0.11922369775410424,0.4925019449452695,0.6223645473299275
2,1508,0.10802155855926374,,halogen,60,2940,16,709,0.2666666666788889,0.2411564625852921,0.14506802694027157,0.4569452287587213,0.6477104138424306
2,1508,0.10802155855926374,,ester,60,2940,13,568,0.21666666667972223,0.19319727891183905,0.1654024428365007,0.45541326644543906,0.64881195283734
2,1279,0.10403532139758194,,ester,70,2930,15,566,0.21428571429693877,0.19317406143372245,0.14963428521479313,0.4417328457858785,0.6586825384744808
2,1922,0.11048912609551471,,halogen,51,2949,11,714,0.21568627452518263,0.24211597151602504,-0.16676388020022648,-0.4371350018065286,0.6620134444889225
2,967,-0.05435637769582093,,heteroaromatic_ring,32,2968,8,658,0.25000000002343753,0.2216981132078094,0.173331603019108,0.38317345401782266,0.7015911593636173
2,1264,0.12874233922402287,,ester,27,2973,6,575,0.2222222222510288,0.19340733266088347,0.2003606008185867,0.3771819687799946,0.7060383792484428
2,552,0.1205537125900897,,ester,32,2968,7,574,0.21875000002441408,0.1933962264153661,0.17772337216170744,0.3609974815387177,0.7181013297503336
2,1441,0.10748088194344159,,halogen,50,2950,11,714,0.22000000001560002,0.2420338983053417,-0.1377055959291925,-0.3609011570405533,0.7181733386071043
2,591,-0.04562764499823917,,sulfonamide,279,2721,9,99,0.032258064519597646,0.03638368247003441,-0.17363168907572016,-0.3522937886770669,0.7246179458647284
2,1279,0.10403532139758194,,hydroxyl,70,2930,23,1021,0.3285714285810204,0.348464163822748,-0.08480326241494963,-0.3453053329443709,0.7298648378568262
2,1279,0.10403532139758194,,sulfonamide,70,2930,2,106,0.028571428585306122,0.03617747440305932,-0.34051852151093576,-0.337591399107234,0.7356711245693184
2,1422,0.1035917523858865,,hydroxyl,40,2960,13,1031,0.325000000016875,0.348310810811031,-0.09993553352406917,-0.3074391591611041,0.7585091257668222
2,1436,-0.08286886674135992,,halogen,62,2938,14,711,0.22580645162539023,0.24200136147064602,-0.09992845731416412,-0.2947821615480685,0.7681602942650927
2,855,0.11580600269451893,,ester,28,2972,6,575,0.21428571431377552,0.1934724091523575,0.14740783355731152,0.2773952987510515,0.7814765910994339
2,859,0.11919241537476143,,nitro,30,2970,1,126,0.03333333336555556,0.04242424242456484,-0.3479233020366658,-0.24605779098001904,0.8056374966045159
2,431,0.12182784658694983,,hydroxyl,27,2973,10,1034,0.37037037039369,0.3477968382107811,0.09072387040652982,0.24513470980774266,0.8063521281075636
2,431,0.12182784658694983,,halogen,27,2973,6,719,0.2222222222510288,0.24184325597065529,-0.12206921378847116,-0.23708394493171148,0.812591667425723
2,5,0.12419711191547111,,sulfonamide,48,2952,2,106,0.04166666668663195,0.03590785907891738,0.21459405145421034,0.21245207090789214,0.8317543660991684
2,1567,0.11571015834321444,,ester,44,2956,8,573,0.18181818183677687,0.19384303112341209,-0.09239239310253235,-0.20036083023324278,0.8411983912573533
2,998,0.1480207223756818,,ester,24,2976,5,576,0.20833333336631946,0.19354838709704517,0.1061994040583321,0.18255614694359015,0.8551462956664204
2,963,0.11058141353476304,,nitro,28,2972,1,126,0.03571428574872449,0.04239569313625761,-0.24741644363871879,-0.17476816537102816,0.8612618036608537
2,882,0.1156962399231653,,hydroxyl,22,2978,8,1036,0.3636363636652893,0.3478844862325897,0.06388813237210056,0.15453681705330402,0.8771864840625219
2,1441,0.10748088194344159,,sulfonamide,50,2950,2,106,0.040000000019200004,0.03593220339015731,0.1547225954780145,0.15311045445013385,0.8783111716293646
2,967,-0.05435637769582093,,sulfonamide,32,2968,1,107,0.031250000030273443,0.03605121293833017,-0.2061916083957295,-0.14501319141764976,0.8847004566385479
2,882,0.1156962399231653,,ester,22,2978,4,577,0.1818181818553719,0.19375419744822237,-0.09173108840759893,-0.14115221347815504,0.8877496961306017
2,1264,0.12874233922402287,,nitro,27,2973,1,126,0.03703703707270233,0.04238143289638669,-0.19446367637744366,-0.13729948536503103,0.8907940772037828
2,1252,0.1108696294740644,,halogen,26,2974,6,719,0.23076923079881656,0.24176193678572908,-0.0671362456233757,-0.13036550556863094,0.8962772562190722
2,5,0.12419711191547111,,ester,48,2952,9,572,0.1875000000169271,0.1937669376696498,-0.047431829868627186,-0.10899053828693014,0.913209994980472
2,1567,0.11571015834321444,,nitro,44,2956,2,125,0.04545454547623967,0.042286874154586505,0.10421465152427223,0.1035880402381391,0.9174962791073045
2,1422,0.1035917523858865,,ester,40,2960,8,573,0.20000000002,0.19358108108135352,0.0470620370142842,0.10204514992212561,0.9187208376540785
2,963,0.11058141353476304,,hydroxyl,28,2972,10,1034,0.35714285716581634,0.3479138627189273,0.03777110314525496,0.10204312605922432,0.9187224440773818
2,1531,-0.05206808488206607,,nitro,26,2974,1,126,0.038461538498520714,0.04236718224645516,-0.13953070821234792,-0.09847834486706819,0.9215524666589114
2,84,-0.07824481965200898,,halogen,80,2920,19,706,0.23750000000953125,0.24178082191806788,-0.025772300891229345,-0.08823979782087757,0.9296860865785219
2,1009,-0.05673988594481895,,halogen,34,2966,8,717,0.2352941176695502,0.2417397167905456,-0.03898926736123452,-0.08729497568689032,0.9304370475976538
2,1922,0.11048912609551471,,hydroxyl,51,2949,18,1026,0.35294117648327566,0.34791454730439203,0.02069475097644408,0.07471800610679598,0.9404390809180727
2,440,0.12860564299609062,,sulfonamide,26,2974,1,107,0.038461538498520714,0.03597848016172294,0.0962822288843883,0.06766961068672343,0.9460486409995259
2,1252,0.1108696294740644,,sulfonamide,26,2974,1,107,0.038461538498520714,0.03597848016172294,0.0962822288843883,0.06766961068672343,0.9460486409995259
2,1274,-0.05804172023720735,,amide,289,2711,53,501,0.18339100346303325,0.1848026558468518,-0.011062623275095232,-0.05879209896819719,0.9531177016864398
2,1210,0.11740053207505896,,sulfonamide,29,2971,1,107,0.034482758653983356,0.03601480982866509,-0.06271509031335515,-0.04407306070668801,0.9648461663539907
2,1508,0.10802155855926374,,hydroxyl,60,2940,21,1023,0.35000000001083337,0.34795918367369116,0.008436837192375353,0.032853312384221914,0.9737915639983237
2,1252,0.1108696294740644,,hydroxyl,26,2974,9,1035,0.3461538461789941,0.3480161398791701,-0.007740836929146262,-0.01984866440216506,0.984164096938194
2,855,0.11580600269451893,,sulfonamide,28,2972,1,107,0.03571428574872449,0.036002691790364735,-0.01160350654198229,-0.008153750699748165,0.9934943202910045
